Name,Sequence
Person1,CAGCAGCAGCAGCAGCAGCAGCAGCAGGCTGAGGAGGAGAGGAGGAGAGGTGGAGGTGCAGCAGCAGCAGCAGCAGCAGCAGCAGGCTGAGGAGGAGAGGAGGACAGCAGCAGCAGCAGCAGGCTGAGGAGGAGAGGAGGACAGCAGCAGCAGCAGCAGGCTGAGGAGGAGAGGAGGAGCTGAGGAGGAGAGGAGGACAGCAGCAGGCTGAGGAGGAGAGGAGGA
Person2,GCTGAGGAGGAGAGGAGGAGCTGAGGAGGAGAGGAGGACAGCAGCAGCAGCAGCAGCAGCAGCAGGAGGTGCAGCAGCAGGCTGAGGAGGAGAGGAGGAGCTGAGGAGGAGAGGAGGACAGCAGCAGGCTGAGGAGGAGAGGAGGAGAGGTGGCTGAGGAGGAGAGGAGGAGCTGAGGAGGAGAGGAGGAGAGGTGGCTGAGGAGGAGAGGAGGAGCTGAGGAGGAGAGGAGGAGCTGAGGAGGAGAGGAGGACAGCAGCAGGAGGTG
Person3,GAGGTGGAGGTGCAGCAGCAGGAGGTGCAGCAGCAGGCTGAGGAGGAGAGGAGGACAGCAGCAGGAGGTGCAGCAGCAGCAGCAGCAGGAGGTGCAGCAGCAGGCTGAGGAGGAGAGGAGGACAGCAGCAGCAGCAGCAGCAGCAGCAGCAGCAGCAGCAGCAGCAGGCTGAGGAGGAGAGGAGGA
Person4,GAGGTGCAGCAGCAGGCTGAGGAGGAGAGGAGGAGCTGAGGAGGAGAGGAGGACAGCAGCAGGCTGAGGAGGAGAGGAGGACAGCAGCAGGAGGTGCAGCAGCAGCAGCAGCAGGAGGTGGCTGAGGAGGAGAGGAGGAGAGGTGGCTGAGGAGGAGAGGAGGAGCTGAGGAGGAGAGGAGGAGCTGAGGAGGAGAGGAGGAGCTGAGGAGGAGAGGAGGACAGCAGCAGGCTGAGGAGGAGAGGAGGAGCTGAGGAGGAGAGGAGGAGCTGAGGAGGAGAGGAGGACAGCAGCAGCAGCAGCAGGAGGTG
Person5,CAGCAGCAGGAGGTGCAGCAGCAGGCTGAGGAGGAGAGGAGGACAGCAGCAGGAGGTGCAGCAGCAGGCTGAGGAGGAGAGGAGGAGCTGAGGAGGAGAGGAGGAGCTGAGGAGGAGAGGAGGAGCTGAGGAGGAGAGGAGGAGCTGAGGAGGAGAGGAGGACAGCAGCAGGCTGAGGAGGAGAGGAGGACAGCAGCAGGCTGAGGAGGAGAGGAGGAGAGGTGGCTGAGGAGGAGAGGAGGAGCTGAGGAGGAGAGGAGGAGCTGAGGAGGAGAGGAGGA
Person6,CAGCAGCAGGCTGAGGAGGAGAGGAGGAGAGGTGGAGGTGGCTGAGGAGGAGAGGAGGAGAGGTGGAGGTGCAGCAGCAGCAGCAGCAGGCTGAGGAGGAGAGGAGGAGCTGAGGAGGAGAGGAGGACAGCAGCAGGAGGTGGCTGAGGAGGAGAGGAGGAGCTGAGGAGGAGAGGAGGAGCTGAGGAGGAGAGGAGGAGAGGTGGAGGTG
Person7,GCTGAGGAGGAGAGGAGGAGAGGTGGCTGAGGAGGAGAGGAGGACAGCAGCAGGAGGTGGAGGTGGAGGTGGAGGTGGAGGTGCAGCAGCAGGCTGAGGAGGAGAGGAGGACAGCAGCAGCAGCAGCAGCAGCAGCAGGAGGTGGCTGAGGAGGAGAGGAGGACAGCAGCAGGCTGAGGAGGAGAGGAGGACAGCAGCAGCAGCAGCAGCAGCAGCAG
Person8,CAGCAGCAGGCTGAGGAGGAGAGGAGGAGAGGTGCAGCAGCAGGAGGTGGAGGTGGAGGTGCAGCAGCAGCAGCAGCAGCAGCAGCAGGCTGAGGAGGAGAGGAGGAGAGGTGGAGGTGGAGGTGGCTGAGGAGGAGAGGAGGACAGCAGCAGGCTGAGGAGGAGAGGAGGAGCTGAGGAGGAGAGGAGGAGCTGAGGAGGAGAGGAGGACAGCAGCAGGAGGTGCAGCAGCAGGCTGAGGAGGAGAGGAGGACAGCAGCAGCAGCAGCAG
Person9,GCTGAGGAGGAGAGGAGGACAGCAGCAGGCTGAGGAGGAGAGGAGGACAGCAGCAGGCTGAGGAGGAGAGGAGGAGCTGAGGAGGAGAGGAGGACAGCAGCAGCAGCAGCAGGAGGTGCAGCAGCAGGCTGAGGAGGAGAGGAGGACAGCAGCAGGAGGTGGCTGAGGAGGAGAGGAGGAGAGGTGGCTGAGGAGGAGAGGAGGAGAGGTG
Person10,CAGCAGCAGGCTGAGGAGGAGAGGAGGACAGCAGCAGCAGCAGCAGGAGGTGCAGCAGCAGGCTGAGGAGGAGAGGAGGAGAGGTGCAGCAGCAGGCTGAGGAGGAGAGGAGGAGCTGAGGAGGAGAGGAGGAGCTGAGGAGGAGAGGAGGAGAGGTGGAGGTGGCTGAGGAGGAGAGGAGGACAGCAGCAGGAGGTGGCTGAGGAGGAGAGGAGGAGAGGTGGAGGTGGCTGAGGAGGAGAGGAGGAGAGGTGCAGCAGCAGGCTGAGGAGGAGAGGAGGA
Person11,CAGCAGCAGGCTGAGGAGGAGAGGAGGAGAGGTGGCTGAGGAGGAGAGGAGGAGAGGTGCAGCAGCAGCAGCAGCAGGCTGAGGAGGAGAGGAGGACAGCAGCAGCAGCAGCAGCAGCAGCAGGAGGTGCAGCAGCAGGCTGAGGAGGAGAGGAGGACAGCAGCAGCAGCAGCAGGAGGTGCAGCAGCAGCAGCAGCAGGCTGAGGAGGAGAGGAGGAGCTGAGGAGGAGAGGAGGAGCTGAGGAGGAGAGGAGGAGAGGTGCAGCAGCAG
Person12,GAGGTGGCTGAGGAGGAGAGGAGGACAGCAGCAGGCTGAGGAGGAGAGGAGGAGCTGAGGAGGAGAGGAGGAGAGGTGGAGGTGGAGGTGGCTGAGGAGGAGAGGAGGAGCTGAGGAGGAGAGGAGGACAGCAGCAGCAGCAGCAGGCTGAGGAGGAGAGGAGGAGAGGTGGCTGAGGAGGAGAGGAGGAGAGGTGCAGCAGCAGGCTGAGGAGGAGAGGAGGACAGCAGCAGGAGGTGCAGCAGCAGCAGCAGCAGGAGGTG
Person13,CAGCAGCAGGAGGTGGCTGAGGAGGAGAGGAGGACAGCAGCAGGCTGAGGAGGAGAGGAGGAGAGGTGGCTGAGGAGGAGAGGAGGAGAGGTGGCTGAGGAGGAGAGGAGGAGCTGAGGAGGAGAGGAGGAGCTGAGGAGGAGAGGAGGAGCTGAGGAGGAGAGGAGGAGCTGAGGAGGAGAGGAGGAGCTGAGGAGGAGAGGAGGACAGCAGCAGGAGGTGGAGGTG
Person14,GAGGTGGAGGTGCAGCAGCAGGAGGTGCAGCAGCAGGAGGTGCAGCAGCAGGCTGAGGAGGAGAGGAGGAGCTGAGGAGGAGAGGAGGAGCTGAGGAGGAGAGGAGGACAGCAGCAGGCTGAGGAGGAGAGGAGGAGCTGAGGAGGAGAGGAGGACAGCAGCAGCAGCAGCAGGCTGAGGAGGAGAGGAGGAGAGGTGGCTGAGGAGGAGAGGAGGAGCTGAGGAGGAGAGGAGGACAGCAGCAG
Person15,GAGGTGCAGCAGCAGGCTGAGGAGGAGAGGAGGACAGCAGCAGCAGCAGCAGGAGGTGGCTGAGGAGGAGAGGAGGACAGCAGCAGCAGCAGCAGGCTGAGGAGGAGAGGAGGAGAGGTGGAGGTGCAGCAGCAGGCTGAGGAGGAGAGGAGGACAGCAGCAGCAGCAGCAGGAGGTGCAGCAGCAG
Person16,CAGCAGCAGGAGGTGGCTGAGGAGGAGAGGAGGAGCTGAGGAGGAGAGGAGGACAGCAGCAGCAGCAGCAGGCTGAGGAGGAGAGGAGGAGCTGAGGAGGAGAGGAGGAGAGGTGGAGGTGGCTGAGGAGGAGAGGAGGAGCTGAGGAGGAGAGGAGGACAGCAGCAGGAGGTGGAGGTGCAGCAGCAGCAGCAGCAGCAGCAGCAGCAGCAGCAGCAGCAGCAGGAGGTGGCTGAGGAGGAGAGGAGGAGAGGTGCAGCAGCAG
Person17,GCTGAGGAGGAGAGGAGGACAGCAGCAGGAGGTGGCTGAGGAGGAGAGGAGGAGCTGAGGAGGAGAGGAGGAGAGGTGGCTGAGGAGGAGAGGAGGAGCTGAGGAGGAGAGGAGGACAGCAGCAGGCTGAGGAGGAGAGGAGGAGAGGTGCAGCAGCAGCAGCAGCAGGAGGTGCAGCAGCAGGCTGAGGAGGAGAGGAGGAGCTGAGGAGGAGAGGAGGAGCTGAGGAGGAGAGGAGGAGAGGTG
Person18,GAGGTGGCTGAGGAGGAGAGGAGGAGCTGAGGAGGAGAGGAGGAGAGGTGGAGGTGCAGCAGCAGGCTGAGGAGGAGAGGAGGAGAGGTGGAGGTGGCTGAGGAGGAGAGGAGGACAGCAGCAGGAGGTGGAGGTGGAGGTGGCTGAGGAGGAGAGGAGGACAGCAGCAGGCTGAGGAGGAGAGGAGGACAGCAGCAG
Person19,CAGCAGCAGGCTGAGGAGGAGAGGAGGAGAGGTGGAGGTGCAGCAGCAGCAGCAGCAGGCTGAGGAGGAGAGGAGGAGCTGAGGAGGAGAGGAGGAGAGGTGGCTGAGGAGGAGAGGAGGAGCTGAGGAGGAGAGGAGGAGCTGAGGAGGAGAGGAGGAGCTGAGGAGGAGAGGAGGAGAGGTGGCTGAGGAGGAGAGGAGGA
Person20,GCTGAGGAGGAGAGGAGGAGAGGTGCAGCAGCAGGCTGAGGAGGAGAGGAGGAGCTGAGGAGGAGAGGAGGACAGCAGCAGCAGCAGCAGGCTGAGGAGGAGAGGAGGACAGCAGCAGGCTGAGGAGGAGAGGAGGACAGCAGCAGGAGGTGGAGGTGGCTGAGGAGGAGAGGAGGACAGCAGCAGGCTGAGGAGGAGAGGAGGACAGCAGCAGGAGGTGCAGCAGCAGGCTGAGGAGGAGAGGAGGAGAGGTGGAGGTGGAGGTG
Person21,GCTGAGGAGGAGAGGAGGACAGCAGCAGGAGGTGGAGGTGGAGGTGGCTGAGGAGGAGAGGAGGAGCTGAGGAGGAGAGGAGGAGCTGAGGAGGAGAGGAGGAGAGGTGGAGGTGGAGGTGGCTGAGGAGGAGAGGAGGAGAGGTGGCTGAGGAGGAGAGGAGGACAGCAGCAGGCTGAGGAGGAGAGGAGGAGAGGTGCAGCAGCAGCAGCAGCAGCAGCAGCAGCAGCAGCAG
Person22,GCTGAGGAGGAGAGGAGGAGAGGTGGCTGAGGAGGAGAGGAGGAGCTGAGGAGGAGAGGAGGAGAGGTGCAGCAGCAGGCTGAGGAGGAGAGGAGGACAGCAGCAGCAGCAGCAGCAGCAGCAGCAGCAGCAGGAGGTGGCTGAGGAGGAGAGGAGGAGCTGAGGAGGAGAGGAGGAGCTGAGGAGGAGAGGAGGAGAGGTGCAGCAGCAGCAGCAGCAGCAGCAGCAGGAGGTGCAGCAGCAG
Person23,GAGGTGGAGGTGGAGGTGGCTGAGGAGGAGAGGAGGAGCTGAGGAGGAGAGGAGGAGAGGTGCAGCAGCAGGCTGAGGAGGAGAGGAGGACAGCAGCAGCAGCAGCAGGAGGTGGCTGAGGAGGAGAGGAGGACAGCAGCAGCAGCAGCAGGAGGTGGAGGTGCAGCAGCAGGCTGAGGAGGAGAGGAGGAGCTGAGGAGGAGAGGAGGA
Person24,GCTGAGGAGGAGAGGAGGAGAGGTGGAGGTGGAGGTGCAGCAGCAGGAGGTGCAGCAGCAGGCTGAGGAGGAGAGGAGGAGCTGAGGAGGAGAGGAGGAGCTGAGGAGGAGAGGAGGAGAGGTGCAGCAGCAGCAGCAGCAGCAGCAGCAGGAGGTGGAGGTGGAGGTGGCTGAGGAGGAGAGGAGGAGAGGTGGAGGTGGAGGTGGAGGTG
Person25,CAGCAGCAGGCTGAGGAGGAGAGGAGGAGAGGTGGAGGTGCAGCAGCAGGCTGAGGAGGAGAGGAGGAGAGGTGGCTGAGGAGGAGAGGAGGAGCTGAGGAGGAGAGGAGGAGCTGAGGAGGAGAGGAGGAGAGGTGCAGCAGCAGCAGCAGCAGGCTGAGGAGGAGAGGAGGAGCTGAGGAGGAGAGGAGGA
Person26,GAGGTGCAGCAGCAGCAGCAGCAGCAGCAGCAGGCTGAGGAGGAGAGGAGGACAGCAGCAGGCTGAGGAGGAGAGGAGGAGCTGAGGAGGAGAGGAGGACAGCAGCAGGCTGAGGAGGAGAGGAGGACAGCAGCAGCAGCAGCAGCAGCAGCAGGCTGAGGAGGAGAGGAGGAGCTGAGGAGGAGAGGAGGAGAGGTGGAGGTGCAGCAGCAGGCTGAGGAGGAGAGGAGGAGAGGTGCAGCAGCAGCAGCAGCAG
Person27,GCTGAGGAGGAGAGGAGGACAGCAGCAGGCTGAGGAGGAGAGGAGGAGCTGAGGAGGAGAGGAGGACAGCAGCAGGAGGTGGCTGAGGAGGAGAGGAGGACAGCAGCAGGAGGTGGAGGTGGCTGAGGAGGAGAGGAGGAGAGGTGCAGCAGCAGGCTGAGGAGGAGAGGAGGAGCTGAGGAGGAGAGGAGGAGAGGTGCAGCAGCAG
Person28,GCTGAGGAGGAGAGGAGGACAGCAGCAGCAGCAGCAGCAGCAGCAGCAGCAGCAGCAGCAGCAGCAGCAGCAGGAGGTGGCTGAGGAGGAGAGGAGGAGAGGTGGAGGTGGCTGAGGAGGAGAGGAGGAGAGGTGGAGGTGCAGCAGCAG
Person29,GAGGTGGAGGTGGCTGAGGAGGAGAGGAGGAGAGGTGGAGGTGCAGCAGCAGGCTGAGGAGGAGAGGAGGACAGCAGCAGCAGCAGCAGGCTGAGGAGGAGAGGAGGAGCTGAGGAGGAGAGGAGGAGCTGAGGAGGAGAGGAGGAGAGGTGGCTGAGGAGGAGAGGAGGAGAGGTGGAGGTGGAGGTGGCTGAGGAGGAGAGGAGGACAGCAGCAGCAGCAGCAGCAGCAGCAGGAGGTGGCTGAGGAGGAGAGGAGGACAGCAGCAG
Person30,GCTGAGGAGGAGAGGAGGAGAGGTGCAGCAGCAGGAGGTGGCTGAGGAGGAGAGGAGGAGCTGAGGAGGAGAGGAGGACAGCAGCAGGAGGTGGAGGTGCAGCAGCAGGCTGAGGAGGAGAGGAGGAGCTGAGGAGGAGAGGAGGAGCTGAGGAGGAGAGGAGGACAGCAGCAGCAGCAGCAGGAGGTGGAGGTGCAGCAGCAGGAGGTGGAGGTGGCTGAGGAGGAGAGGAGGA
Person31,GAGGTGGCTGAGGAGGAGAGGAGGAGAGGTGGCTGAGGAGGAGAGGAGGAGCTGAGGAGGAGAGGAGGAGAGGTGGAGGTGGCTGAGGAGGAGAGGAGGACAGCAGCAGGCTGAGGAGGAGAGGAGGAGCTGAGGAGGAGAGGAGGAGAGGTGGAGGTGCAGCAGCAGGCTGAGGAGGAGAGGAGGAGAGGTGCAGCAGCAGCAGCAGCAGGAGGTGCAGCAGCAG
Person32,CAGCAGCAGGCTGAGGAGGAGAGGAGGAGAGGTGGCTGAGGAGGAGAGGAGGAGAGGTGCAGCAGCAGGAGGTGGAGGTGGCTGAGGAGGAGAGGAGGAGAGGTGCAGCAGCAGGCTGAGGAGGAGAGGAGGAGCTGAGGAGGAGAGGAGGAGCTGAGGAGGAGAGGAGGAGAGGTGCAGCAGCAGGAGGTGGAGGTGGAGGTGGCTGAGGAGGAGAGGAGGAGAGGTG
Person33,CAGCAGCAGGCTGAGGAGGAGAGGAGGACAGCAGCAGCAGCAGCAGGAGGTGCAGCAGCAGGAGGTGGAGGTGCAGCAGCAGGAGGTGCAGCAGCAGGAGGTGGAGGTGGAGGTGCAGCAGCAGCAGCAGCAGGAGGTGGAGGTGGCTGAGGAGGAGAGGAGGACAGCAGCAGGAGGTG
Person34,GAGGTGGCTGAGGAGGAGAGGAGGAGAGGTGCAGCAGCAGGCTGAGGAGGAGAGGAGGAGAGGTGGAGGTGCAGCAGCAGGCTGAGGAGGAGAGGAGGAGCTGAGGAGGAGAGGAGGAGAGGTGGCTGAGGAGGAGAGGAGGACAGCAGCAGGCTGAGGAGGAGAGGAGGAGCTGAGGAGGAGAGGAGGAGCTGAGGAGGAGAGGAGGAGCTGAGGAGGAGAGGAGGAGAGGTGCAGCAGCAGCAGCAGCAGGCTGAGGAGGAGAGGAGGACAGCAGCAG
Person35,CAGCAGCAGCAGCAGCAGGAGGTGCAGCAGCAGGCTGAGGAGGAGAGGAGGAGCTGAGGAGGAGAGGAGGAGAGGTGCAGCAGCAGGCTGAGGAGGAGAGGAGGACAGCAGCAGCAGCAGCAGCAGCAGCAGGCTGAGGAGGAGAGGAGGAGCTGAGGAGGAGAGGAGGACAGCAGCAGGCTGAGGAGGAGAGGAGGAGCTGAGGAGGAGAGGAGGAGAGGTGCAGCAGCAGCAGCAGCAGGCTGAGGAGGAGAGGAGGAGCTGAGGAGGAGAGGAGGA
Person36,GCTGAGGAGGAGAGGAGGAGAGGTGGAGGTGGCTGAGGAGGAGAGGAGGAGAGGTGCAGCAGCAGCAGCAGCAGGAGGTGCAGCAGCAGCAGCAGCAGCAGCAGCAGGCTGAGGAGGAGAGGAGGAGAGGTGCAGCAGCAGGAGGTGCAGCAGCAGGCTGAGGAGGAGAGGAGGAGCTGAGGAGGAGAGGAGGAGCTGAGGAGGAGAGGAGGAGCTGAGGAGGAGAGGAGGAGCTGAGGAGGAGAGGAGGA
Person37,GCTGAGGAGGAGAGGAGGACAGCAGCAGGAGGTGGCTGAGGAGGAGAGGAGGAGAGGTGGAGGTGGAGGTGCAGCAGCAGCAGCAGCAGCAGCAGCAGGAGGTGGAGGTGCAGCAGCAGCAGCAGCAGCAGCAGCAGGAGGTGCAGCAGCAGGAGGTGGAGGTGCAGCAGCAGGAGGTGGCTGAGGAGGAGAGGAGGA
Person38,CAGCAGCAGCAGCAGCAGCAGCAGCAGGCTGAGGAGGAGAGGAGGACAGCAGCAGCAGCAGCAGGCTGAGGAGGAGAGGAGGAGCTGAGGAGGAGAGGAGGAGAGGTGGAGGTGGCTGAGGAGGAGAGGAGGAGCTGAGGAGGAGAGGAGGAGAGGTGGAGGTGCAGCAGCAGGCTGAGGAGGAGAGGAGGAGCTGAGGAGGAGAGGAGGAGCTGAGGAGGAGAGGAGGAGAGGTGGCTGAGGAGGAGAGGAGGAGCTGAGGAGGAGAGGAGGAGAGGTG
Person39,CAGCAGCAGGAGGTGGAGGTGGAGGTGGAGGTGGAGGTGGAGGTGCAGCAGCAGCAGCAGCAGCAGCAGCAGGAGGTGCAGCAGCAGCAGCAGCAGCAGCAGCAGGCTGAGGAGGAGAGGAGGACAGCAGCAGGCTGAGGAGGAGAGGAGGACAGCAGCAGCAGCAGCAGGAGGTGGAGGTG
Person40,GCTGAGGAGGAGAGGAGGAGCTGAGGAGGAGAGGAGGAGCTGAGGAGGAGAGGAGGACAGCAGCAGGCTGAGGAGGAGAGGAGGAGCTGAGGAGGAGAGGAGGACAGCAGCAGGAGGTGGCTGAGGAGGAGAGGAGGAGCTGAGGAGGAGAGGAGGACAGCAGCAGGCTGAGGAGGAGAGGAGGAGAGGTGGCTGAGGAGGAGAGGAGGACAGCAGCAGCAGCAGCAGGCTGAGGAGGAGAGGAGGACAGCAGCAGGCTGAGGAGGAGAGGAGGACAGCAGCAGCAGCAGCAGCAGCAGCAG
Person41,GAGGTGGCTGAGGAGGAGAGGAGGACAGCAGCAGCAGCAGCAGCAGCAGCAGGCTGAGGAGGAGAGGAGGACAGCAGCAGCAGCAGCAGGAGGTGGAGGTGGCTGAGGAGGAGAGGAGGAGCTGAGGAGGAGAGGAGGACAGCAGCAGGCTGAGGAGGAGAGGAGGACAGCAGCAGGCTGAGGAGGAGAGGAGGAGAGGTGGCTGAGGAGGAGAGGAGGAGAGGTGCAGCAGCAGGAGGTGGCTGAGGAGGAGAGGAGGACAGCAGCAGGAGGTGGCTGAGGAGGAGAGGAGGA
Person42,CAGCAGCAGGCTGAGGAGGAGAGGAGGAGAGGTGCAGCAGCAGCAGCAGCAGGAGGTGGAGGTGGAGGTGGAGGTGGCTGAGGAGGAGAGGAGGAGCTGAGGAGGAGAGGAGGACAGCAGCAGGAGGTGGAGGTGGCTGAGGAGGAGAGGAGGACAGCAGCAGCAGCAGCAGGCTGAGGAGGAGAGGAGGAGCTGAGGAGGAGAGGAGGAGAGGTGCAGCAGCAG
Person43,CAGCAGCAGGCTGAGGAGGAGAGGAGGACAGCAGCAGGCTGAGGAGGAGAGGAGGACAGCAGCAGCAGCAGCAGCAGCAGCAGGCTGAGGAGGAGAGGAGGAGCTGAGGAGGAGAGGAGGAGAGGTGCAGCAGCAGGCTGAGGAGGAGAGGAGGAGAGGTGGAGGTGGCTGAGGAGGAGAGGAGGAGCTGAGGAGGAGAGGAGGACAGCAGCAGGAGGTGGCTGAGGAGGAGAGGAGGACAGCAGCAGCAGCAGCAGCAGCAGCAGCAGCAGCAGGAGGTGGAGGTG
Person44,GAGGTGGCTGAGGAGGAGAGGAGGAGCTGAGGAGGAGAGGAGGAGCTGAGGAGGAGAGGAGGACAGCAGCAGGCTGAGGAGGAGAGGAGGAGCTGAGGAGGAGAGGAGGAGAGGTGGCTGAGGAGGAGAGGAGGAGAGGTGGAGGTGGCTGAGGAGGAGAGGAGGAGCTGAGGAGGAGAGGAGGACAGCAGCAGGCTGAGGAGGAGAGGAGGAGAGGTGGCTGAGGAGGAGAGGAGGAGAGGTG
Person45,GAGGTGGCTGAGGAGGAGAGGAGGACAGCAGCAGCAGCAGCAGGCTGAGGAGGAGAGGAGGAGCTGAGGAGGAGAGGAGGAGAGGTGGAGGTGCAGCAGCAGCAGCAGCAGGCTGAGGAGGAGAGGAGGAGAGGTGCAGCAGCAGGAGGTGGAGGTGCAGCAGCAGCAGCAGCAGCAGCAGCAG
Person46,CAGCAGCAGGCTGAGGAGGAGAGGAGGAGCTGAGGAGGAGAGGAGGAGAGGTGGAGGTGGCTGAGGAGGAGAGGAGGACAGCAGCAGGAGGTGGAGGTGCAGCAGCAGGAGGTGCAGCAGCAGCAGCAGCAGGCTGAGGAGGAGAGGAGGAGAGGTGGCTGAGGAGGAGAGGAGGACAGCAGCAG
Person47,CAGCAGCAGCAGCAGCAGGAGGTGGCTGAGGAGGAGAGGAGGAGCTGAGGAGGAGAGGAGGACAGCAGCAGCAGCAGCAGGCTGAGGAGGAGAGGAGGACAGCAGCAGGAGGTGCAGCAGCAGCAGCAGCAGGAGGTGGAGGTGCAGCAGCAGGAGGTG
Person48,CAGCAGCAGGAGGTGGAGGTGGCTGAGGAGGAGAGGAGGAGCTGAGGAGGAGAGGAGGAGCTGAGGAGGAGAGGAGGAGAGGTGCAGCAGCAGGCTGAGGAGGAGAGGAGGAGCTGAGGAGGAGAGGAGGAGCTGAGGAGGAGAGGAGGAGAGGTGGAGGTGGCTGAGGAGGAGAGGAGGAGAGGTGCAGCAGCAGGCTGAGGAGGAGAGGAGGAGCTGAGGAGGAGAGGAGGACAGCAGCAGGCTGAGGAGGAGAGGAGGAGAGGTGGCTGAGGAGGAGAGGAGGA
Person49,GCTGAGGAGGAGAGGAGGAGAGGTGGCTGAGGAGGAGAGGAGGAGCTGAGGAGGAGAGGAGGAGAGGTGGAGGTGGCTGAGGAGGAGAGGAGGAGCTGAGGAGGAGAGGAGGACAGCAGCAGCAGCAGCAGCAGCAGCAGGAGGTGGCTGAGGAGGAGAGGAGGACAGCAGCAGCAGCAGCAGGAGGTGGCTGAGGAGGAGAGGAGGACAGCAGCAGGCTGAGGAGGAGAGGAGGACAGCAGCAGGAGGTGCAGCAGCAGGAGGTGGAGGTG
Person50,GAGGTGGCTGAGGAGGAGAGGAGGAGCTGAGGAGGAGAGGAGGACAGCAGCAGCAGCAGCAGCAGCAGCAGGCTGAGGAGGAGAGGAGGACAGCAGCAGCAGCAGCAGGCTGAGGAGGAGAGGAGGAGAGGTGGCTGAGGAGGAGAGGAGGACAGCAGCAGCAGCAGCAGGCTGAGGAGGAGAGGAGGAGCTGAGGAGGAGAGGAGGAGAGGTGGAGGTGGAGGTGCAGCAGCAGGCTGAGGAGGAGAGGAGGACAGCAGCAG
