Name,Sequence,Diagnosis
Person1,CAGCAGCAGGAGGTGCAGCAGCAGGAGGTGGCTGAGGAGGAGAGGAGGACAGCAGCAGGCTGAGGAGGAGAGGAGGAGAGGTGGAGGTGGCTGAGGAGGAGAGGAGGAGAGGTGGAGGTGCAGCAGCAGGCTGAGGAGGAGAGGAGGAGCTGAGGAGGAGAGGAGGACAGCAGCAG,Positive
Person2,CAGCAGCAGGAGGTGCAGCAGCAGGCTGAGGAGGAGAGGAGGACAGCAGCAGCAGCAGCAGGCTGAGGAGGAGAGGAGGAGCTGAGGAGGAGAGGAGGACAGCAGCAGCAGCAGCAGCAGCAGCAGCAGCAGCAGCAGCAGCAGGAGGTGCAGCAGCAGCAGCAGCAGGAGGTG,Positive
Person3,GCTGAGGAGGAGAGGAGGACAGCAGCAGGAGGTGGCTGAGGAGGAGAGGAGGAGAGGTGGCTGAGGAGGAGAGGAGGACAGCAGCAGGAGGTGGCTGAGGAGGAGAGGAGGAGAGGTGCAGCAGCAGGAGGTGGCTGAGGAGGAGAGGAGGAGAGGTGGAGGTGCAGCAGCAGCAGCAGCAGCAGCAGCAGCAGCAGCAGGAGGTG,Negative
Person4,GAGGTGCAGCAGCAGGAGGTGGCTGAGGAGGAGAGGAGGACAGCAGCAGGCTGAGGAGGAGAGGAGGACAGCAGCAGGAGGTGGCTGAGGAGGAGAGGAGGAGCTGAGGAGGAGAGGAGGAGCTGAGGAGGAGAGGAGGAGAGGTGGCTGAGGAGGAGAGGAGGAGCTGAGGAGGAGAGGAGGAGAGGTGCAGCAGCAGGAGGTGGAGGTGCAGCAGCAGGAGGTGGCTGAGGAGGAGAGGAGGAGAGGTG,Negative
Person5,GCTGAGGAGGAGAGGAGGAGAGGTGGCTGAGGAGGAGAGGAGGAGAGGTGCAGCAGCAGCAGCAGCAGGCTGAGGAGGAGAGGAGGAGAGGTGGAGGTGCAGCAGCAGCAGCAGCAGGCTGAGGAGGAGAGGAGGACAGCAGCAGCAGCAGCAGGCTGAGGAGGAGAGGAGGAGAGGTGCAGCAGCAGGCTGAGGAGGAGAGGAGGACAGCAGCAGGAGGTGGCTGAGGAGGAGAGGAGGAGCTGAGGAGGAGAGGAGGAGCTGAGGAGGAGAGGAGGACAGCAGCAG,Positive
Person6,GAGGTGGAGGTGGAGGTGGAGGTGGCTGAGGAGGAGAGGAGGAGAGGTGCAGCAGCAGGAGGTGCAGCAGCAGGCTGAGGAGGAGAGGAGGAGCTGAGGAGGAGAGGAGGAGCTGAGGAGGAGAGGAGGAGCTGAGGAGGAGAGGAGGAGAGGTGGAGGTGGAGGTGGCTGAGGAGGAGAGGAGGAGCTGAGGAGGAGAGGAGGAGAGGTGGAGGTGGCTGAGGAGGAGAGGAGGAGCTGAGGAGGAGAGGAGGA,Negative
Person7,CAGCAGCAGGCTGAGGAGGAGAGGAGGAGCTGAGGAGGAGAGGAGGAGAGGTGGAGGTGCAGCAGCAGCAGCAGCAGGCTGAGGAGGAGAGGAGGAGAGGTGGAGGTGGCTGAGGAGGAGAGGAGGAGCTGAGGAGGAGAGGAGGACAGCAGCAGGAGGTGGCTGAGGAGGAGAGGAGGACAGCAGCAGGAGGTGGAGGTGGCTGAGGAGGAGAGGAGGAGCTGAGGAGGAGAGGAGGACAGCAGCAGCAGCAGCAGCAGCAGCAGGAGGTGCAGCAGCAG,Negative
Person8,CAGCAGCAGGCTGAGGAGGAGAGGAGGACAGCAGCAGCAGCAGCAGCAGCAGCAGCAGCAGCAGCAGCAGCAGGAGGTGGCTGAGGAGGAGAGGAGGAGAGGTGCAGCAGCAGGAGGTGGCTGAGGAGGAGAGGAGGAGAGGTGCAGCAGCAGCAGCAGCAGCAGCAGCAGCAGCAGCAGCAGCAGCAGGCTGAGGAGGAGAGGAGGAGAGGTGCAGCAGCAGGCTGAGGAGGAGAGGAGGAGAGGTG,Positive
Person9,GCTGAGGAGGAGAGGAGGACAGCAGCAGGCTGAGGAGGAGAGGAGGAGAGGTGGAGGTGGCTGAGGAGGAGAGGAGGAGAGGTGGAGGTGGCTGAGGAGGAGAGGAGGACAGCAGCAGGCTGAGGAGGAGAGGAGGAGCTGAGGAGGAGAGGAGGAGCTGAGGAGGAGAGGAGGAGCTGAGGAGGAGAGGAGGAGCTGAGGAGGAGAGGAGGACAGCAGCAGCAGCAGCAGGCTGAGGAGGAGAGGAGGAGCTGAGGAGGAGAGGAGGAGAGGTG,Negative
Person10,CAGCAGCAGGCTGAGGAGGAGAGGAGGACAGCAGCAGGCTGAGGAGGAGAGGAGGAGCTGAGGAGGAGAGGAGGACAGCAGCAGGCTGAGGAGGAGAGGAGGAGCTGAGGAGGAGAGGAGGAGCTGAGGAGGAGAGGAGGACAGCAGCAGGAGGTGCAGCAGCAGCAGCAGCAGCAGCAGCAGCAGCAGCAGGAGGTGGCTGAGGAGGAGAGGAGGA,Positive
Person11,GAGGTGGCTGAGGAGGAGAGGAGGAGAGGTGGCTGAGGAGGAGAGGAGGAGCTGAGGAGGAGAGGAGGACAGCAGCAGCAGCAGCAGCAGCAGCAGGAGGTGGAGGTGCAGCAGCAGGCTGAGGAGGAGAGGAGGAGCTGAGGAGGAGAGGAGGACAGCAGCAGGAGGTGCAGCAGCAGCAGCAGCAGGCTGAGGAGGAGAGGAGGAGCTGAGGAGGAGAGGAGGACAGCAGCAGCAGCAGCAGCAGCAGCAGGCTGAGGAGGAGAGGAGGA,Positive
Person12,GAGGTGGCTGAGGAGGAGAGGAGGAGCTGAGGAGGAGAGGAGGACAGCAGCAGCAGCAGCAGCAGCAGCAGGAGGTGGAGGTGGCTGAGGAGGAGAGGAGGAGAGGTGCAGCAGCAGCAGCAGCAGGCTGAGGAGGAGAGGAGGAGAGGTGCAGCAGCAGGAGGTGGAGGTGGAGGTGCAGCAGCAGGCTGAGGAGGAGAGGAGGAGAGGTGCAGCAGCAGGCTGAGGAGGAGAGGAGGAGCTGAGGAGGAGAGGAGGA,Negative
Person13,GCTGAGGAGGAGAGGAGGAGCTGAGGAGGAGAGGAGGAGAGGTGGAGGTGGCTGAGGAGGAGAGGAGGAGCTGAGGAGGAGAGGAGGACAGCAGCAGCAGCAGCAGCAGCAGCAGGCTGAGGAGGAGAGGAGGAGCTGAGGAGGAGAGGAGGAGCTGAGGAGGAGAGGAGGAGCTGAGGAGGAGAGGAGGACAGCAGCAGGCTGAGGAGGAGAGGAGGAGAGGTGCAGCAGCAG,Positive
Person14,CAGCAGCAGCAGCAGCAGCAGCAGCAGGCTGAGGAGGAGAGGAGGAGCTGAGGAGGAGAGGAGGACAGCAGCAGGAGGTGGCTGAGGAGGAGAGGAGGACAGCAGCAGGAGGTGGAGGTGGCTGAGGAGGAGAGGAGGAGAGGTGGAGGTGGCTGAGGAGGAGAGGAGGACAGCAGCAGGAGGTGGAGGTGCAGCAGCAGGAGGTGCAGCAGCAG,Positive
Person15,CAGCAGCAGGAGGTGGAGGTGGAGGTGCAGCAGCAGGCTGAGGAGGAGAGGAGGACAGCAGCAGCAGCAGCAGGAGGTGCAGCAGCAGGAGGTGCAGCAGCAGGCTGAGGAGGAGAGGAGGACAGCAGCAGCAGCAGCAGGCTGAGGAGGAGAGGAGGACAGCAGCAGGAGGTGGAGGTGGAGGTGCAGCAGCAGGAGGTGGAGGTGGAGGTGGCTGAGGAGGAGAGGAGGA,Positive
Person16,GCTGAGGAGGAGAGGAGGAGCTGAGGAGGAGAGGAGGAGCTGAGGAGGAGAGGAGGAGCTGAGGAGGAGAGGAGGAGAGGTGGAGGTGCAGCAGCAGGCTGAGGAGGAGAGGAGGAGAGGTGGAGGTGCAGCAGCAGCAGCAGCAGGCTGAGGAGGAGAGGAGGAGCTGAGGAGGAGAGGAGGACAGCAGCAGCAGCAGCAGGAGGTGCAGCAGCAG,Positive
Person17,GCTGAGGAGGAGAGGAGGAGAGGTGCAGCAGCAGGCTGAGGAGGAGAGGAGGACAGCAGCAGCAGCAGCAGCAGCAGCAGGAGGTGGAGGTGCAGCAGCAGCAGCAGCAGGCTGAGGAGGAGAGGAGGAGCTGAGGAGGAGAGGAGGAGCTGAGGAGGAGAGGAGGAGAGGTGCAGCAGCAGCAGCAGCAGGAGGTGGCTGAGGAGGAGAGGAGGAGAGGTGCAGCAGCAGGAGGTGGAGGTGGAGGTG,Positive
Person18,GCTGAGGAGGAGAGGAGGACAGCAGCAGGCTGAGGAGGAGAGGAGGAGCTGAGGAGGAGAGGAGGAGCTGAGGAGGAGAGGAGGACAGCAGCAGGAGGTGGCTGAGGAGGAGAGGAGGAGAGGTGGCTGAGGAGGAGAGGAGGAGAGGTGCAGCAGCAGGCTGAGGAGGAGAGGAGGACAGCAGCAGGAGGTGGAGGTGCAGCAGCAGGAGGTG,Negative
Person19,GCTGAGGAGGAGAGGAGGAGCTGAGGAGGAGAGGAGGACAGCAGCAGGCTGAGGAGGAGAGGAGGACAGCAGCAGCAGCAGCAGCAGCAGCAGGCTGAGGAGGAGAGGAGGAGCTGAGGAGGAGAGGAGGAGCTGAGGAGGAGAGGAGGACAGCAGCAGGAGGTGGCTGAGGAGGAGAGGAGGAGAGGTGCAGCAGCAGGCTGAGGAGGAGAGGAGGACAGCAGCAGGAGGTGGCTGAGGAGGAGAGGAGGAGAGGTG,Negative
Person20,GAGGTGGAGGTGGCTGAGGAGGAGAGGAGGACAGCAGCAGGCTGAGGAGGAGAGGAGGACAGCAGCAGCAGCAGCAGCAGCAGCAGGAGGTGGCTGAGGAGGAGAGGAGGAGCTGAGGAGGAGAGGAGGAGCTGAGGAGGAGAGGAGGAGCTGAGGAGGAGAGGAGGACAGCAGCAGGCTGAGGAGGAGAGGAGGAGAGGTGGCTGAGGAGGAGAGGAGGACAGCAGCAGGCTGAGGAGGAGAGGAGGAGAGGTG,Negative
Person21,GAGGTGGCTGAGGAGGAGAGGAGGAGAGGTGGAGGTGGAGGTGCAGCAGCAGGAGGTGCAGCAGCAGCAGCAGCAGGCTGAGGAGGAGAGGAGGAGAGGTGGAGGTGCAGCAGCAGGCTGAGGAGGAGAGGAGGAGCTGAGGAGGAGAGGAGGAGCTGAGGAGGAGAGGAGGAGCTGAGGAGGAGAGGAGGACAGCAGCAGGAGGTGGCTGAGGAGGAGAGGAGGAGCTGAGGAGGAGAGGAGGACAGCAGCAGGAGGTGGAGGTGGAGGTGGCTGAGGAGGAGAGGAGGA,Positive
Person22,GAGGTGGAGGTGGAGGTGGCTGAGGAGGAGAGGAGGAGCTGAGGAGGAGAGGAGGAGAGGTGCAGCAGCAGCAGCAGCAGCAGCAGCAGCAGCAGCAGGAGGTGGCTGAGGAGGAGAGGAGGAGCTGAGGAGGAGAGGAGGACAGCAGCAGCAGCAGCAGCAGCAGCAGCAGCAGCAGGAGGTGGAGGTGGAGGTGGCTGAGGAGGAGAGGAGGACAGCAGCAG,Negative
Person23,CAGCAGCAGGAGGTGGCTGAGGAGGAGAGGAGGAGAGGTGCAGCAGCAGGCTGAGGAGGAGAGGAGGAGAGGTGGCTGAGGAGGAGAGGAGGAGCTGAGGAGGAGAGGAGGAGAGGTGCAGCAGCAGGCTGAGGAGGAGAGGAGGAGAGGTGGAGGTGCAGCAGCAGCAGCAGCAGGCTGAGGAGGAGAGGAGGACAGCAGCAG,Positive
Person24,GAGGTGGCTGAGGAGGAGAGGAGGACAGCAGCAGGAGGTGGAGGTGGAGGTGGAGGTGGAGGTGGAGGTGGAGGTGGCTGAGGAGGAGAGGAGGAGCTGAGGAGGAGAGGAGGAGAGGTGGAGGTGCAGCAGCAGCAGCAGCAGGCTGAGGAGGAGAGGAGGAGCTGAGGAGGAGAGGAGGAGCTGAGGAGGAGAGGAGGACAGCAGCAGGCTGAGGAGGAGAGGAGGA,Positive
Person25,GCTGAGGAGGAGAGGAGGAGCTGAGGAGGAGAGGAGGAGAGGTGGAGGTGGAGGTGGCTGAGGAGGAGAGGAGGAGAGGTGGCTGAGGAGGAGAGGAGGACAGCAGCAGCAGCAGCAGGAGGTGCAGCAGCAGCAGCAGCAGGCTGAGGAGGAGAGGAGGACAGCAGCAGCAGCAGCAG,Negative
Person26,GAGGTGGAGGTGCAGCAGCAGGAGGTGCAGCAGCAGCAGCAGCAGCAGCAGCAGGCTGAGGAGGAGAGGAGGAGCTGAGGAGGAGAGGAGGAGCTGAGGAGGAGAGGAGGAGCTGAGGAGGAGAGGAGGAGAGGTGGAGGTGGAGGTGGCTGAGGAGGAGAGGAGGAGCTGAGGAGGAGAGGAGGAGCTGAGGAGGAGAGGAGGAGCTGAGGAGGAGAGGAGGAGCTGAGGAGGAGAGGAGGAGCTGAGGAGGAGAGGAGGAGCTGAGGAGGAGAGGAGGAGAGGTGGAGGTGCAGCAGCAGGCTGAGGAGGAGAGGAGGA,Negative
Person27,GCTGAGGAGGAGAGGAGGACAGCAGCAGGCTGAGGAGGAGAGGAGGACAGCAGCAGGAGGTGGCTGAGGAGGAGAGGAGGAGAGGTGCAGCAGCAGGCTGAGGAGGAGAGGAGGAGAGGTGGAGGTGCAGCAGCAGGCTGAGGAGGAGAGGAGGAGAGGTGGCTGAGGAGGAGAGGAGGAGCTGAGGAGGAGAGGAGGAGCTGAGGAGGAGAGGAGGAGCTGAGGAGGAGAGGAGGAGAGGTG,Positive
Person28,GAGGTGCAGCAGCAGGAGGTGGCTGAGGAGGAGAGGAGGACAGCAGCAGGCTGAGGAGGAGAGGAGGACAGCAGCAGGAGGTGGCTGAGGAGGAGAGGAGGACAGCAGCAGCAGCAGCAGCAGCAGCAGCAGCAGCAGGAGGTGGAGGTGCAGCAGCAGGAGGTGGAGGTGGCTGAGGAGGAGAGGAGGACAGCAGCAGGCTGAGGAGGAGAGGAGGAGCTGAGGAGGAGAGGAGGAGCTGAGGAGGAGAGGAGGAGAGGTGGAGGTG,Positive
Person29,GCTGAGGAGGAGAGGAGGACAGCAGCAGGCTGAGGAGGAGAGGAGGACAGCAGCAGGAGGTGGAGGTGCAGCAGCAGGAGGTGGCTGAGGAGGAGAGGAGGAGAGGTGGCTGAGGAGGAGAGGAGGAGAGGTGGAGGTGCAGCAGCAGGCTGAGGAGGAGAGGAGGAGAGGTGGCTGAGGAGGAGAGGAGGAGCTGAGGAGGAGAGGAGGAGAGGTGGCTGAGGAGGAGAGGAGGAGCTGAGGAGGAGAGGAGGACAGCAGCAGCAGCAGCAG,Negative
Person30,GAGGTGCAGCAGCAGCAGCAGCAGGCTGAGGAGGAGAGGAGGAGCTGAGGAGGAGAGGAGGACAGCAGCAGCAGCAGCAGGAGGTGGCTGAGGAGGAGAGGAGGAGCTGAGGAGGAGAGGAGGAGCTGAGGAGGAGAGGAGGAGCTGAGGAGGAGAGGAGGAGAGGTGGAGGTGGAGGTGGCTGAGGAGGAGAGGAGGAGCTGAGGAGGAGAGGAGGACAGCAGCAGGAGGTGCAGCAGCAGCAGCAGCAG,Positive
Person31,CAGCAGCAGGAGGTGGCTGAGGAGGAGAGGAGGAGCTGAGGAGGAGAGGAGGAGAGGTGGAGGTGCAGCAGCAGGAGGTGGCTGAGGAGGAGAGGAGGACAGCAGCAGGAGGTGGAGGTGGCTGAGGAGGAGAGGAGGAGAGGTGGAGGTGGCTGAGGAGGAGAGGAGGACAGCAGCAGGCTGAGGAGGAGAGGAGGAGAGGTG,Negative
Person32,GAGGTGGAGGTGGCTGAGGAGGAGAGGAGGAGCTGAGGAGGAGAGGAGGAGAGGTGCAGCAGCAGCAGCAGCAGGCTGAGGAGGAGAGGAGGAGCTGAGGAGGAGAGGAGGAGCTGAGGAGGAGAGGAGGAGCTGAGGAGGAGAGGAGGACAGCAGCAGCAGCAGCAGGAGGTGGCTGAGGAGGAGAGGAGGAGCTGAGGAGGAGAGGAGGACAGCAGCAGCAGCAGCAGCAGCAGCAGCAGCAGCAGGCTGAGGAGGAGAGGAGGACAGCAGCAGGAGGTG,Positive
Person33,CAGCAGCAGCAGCAGCAGGAGGTGCAGCAGCAGGCTGAGGAGGAGAGGAGGAGAGGTGGAGGTGCAGCAGCAGGAGGTGGCTGAGGAGGAGAGGAGGAGAGGTGGAGGTGGAGGTGGAGGTGCAGCAGCAGCAGCAGCAGGCTGAGGAGGAGAGGAGGAGCTGAGGAGGAGAGGAGGAGCTGAGGAGGAGAGGAGGAGCTGAGGAGGAGAGGAGGAGAGGTGCAGCAGCAGGCTGAGGAGGAGAGGAGGAGAGGTGGCTGAGGAGGAGAGGAGGA,Negative
Person34,GAGGTGGCTGAGGAGGAGAGGAGGAGCTGAGGAGGAGAGGAGGAGAGGTGGCTGAGGAGGAGAGGAGGAGAGGTGGAGGTGCAGCAGCAGCAGCAGCAGGCTGAGGAGGAGAGGAGGACAGCAGCAGCAGCAGCAGCAGCAGCAGGCTGAGGAGGAGAGGAGGACAGCAGCAGGCTGAGGAGGAGAGGAGGAGAGGTGGCTGAGGAGGAGAGGAGGAGAGGTGGAGGTGGAGGTG,Negative
Person35,GCTGAGGAGGAGAGGAGGAGAGGTGCAGCAGCAGGAGGTGGCTGAGGAGGAGAGGAGGAGCTGAGGAGGAGAGGAGGAGCTGAGGAGGAGAGGAGGAGAGGTGGCTGAGGAGGAGAGGAGGACAGCAGCAGCAGCAGCAGGCTGAGGAGGAGAGGAGGAGCTGAGGAGGAGAGGAGGAGCTGAGGAGGAGAGGAGGAGCTGAGGAGGAGAGGAGGAGAGGTGCAGCAGCAGGAGGTG,Negative
Person36,GCTGAGGAGGAGAGGAGGACAGCAGCAGGCTGAGGAGGAGAGGAGGAGAGGTGGAGGTGGAGGTGGAGGTGGCTGAGGAGGAGAGGAGGACAGCAGCAGGAGGTGGCTGAGGAGGAGAGGAGGACAGCAGCAGGAGGTGGAGGTGCAGCAGCAGCAGCAGCAGGAGGTGGCTGAGGAGGAGAGGAGGACAGCAGCAGCAGCAGCAGGAGGTGGAGGTGCAGCAGCAG,Positive
Person37,GAGGTGGCTGAGGAGGAGAGGAGGAGCTGAGGAGGAGAGGAGGACAGCAGCAGGAGGTGCAGCAGCAGCAGCAGCAGGAGGTGCAGCAGCAGGCTGAGGAGGAGAGGAGGAGAGGTGCAGCAGCAGGAGGTGGCTGAGGAGGAGAGGAGGAGAGGTGGCTGAGGAGGAGAGGAGGAGCTGAGGAGGAGAGGAGGAGAGGTGGCTGAGGAGGAGAGGAGGA,Negative
Person38,GAGGTGGCTGAGGAGGAGAGGAGGAGCTGAGGAGGAGAGGAGGAGAGGTGGCTGAGGAGGAGAGGAGGAGAGGTGGCTGAGGAGGAGAGGAGGAGCTGAGGAGGAGAGGAGGAGAGGTGGAGGTGGAGGTGGAGGTGGCTGAGGAGGAGAGGAGGACAGCAGCAGCAGCAGCAGGCTGAGGAGGAGAGGAGGAGAGGTGCAGCAGCAGGCTGAGGAGGAGAGGAGGACAGCAGCAGGAGGTG,Positive
Person39,CAGCAGCAGCAGCAGCAGCAGCAGCAGGCTGAGGAGGAGAGGAGGAGCTGAGGAGGAGAGGAGGAGAGGTGCAGCAGCAGGAGGTGGCTGAGGAGGAGAGGAGGACAGCAGCAGGAGGTGGCTGAGGAGGAGAGGAGGACAGCAGCAGCAGCAGCAGCAGCAGCAGGCTGAGGAGGAGAGGAGGAGCTGAGGAGGAGAGGAGGACAGCAGCAG,Negative
Person40,GAGGTGCAGCAGCAGGAGGTGGCTGAGGAGGAGAGGAGGAGAGGTGGCTGAGGAGGAGAGGAGGAGAGGTGGCTGAGGAGGAGAGGAGGACAGCAGCAGGCTGAGGAGGAGAGGAGGAGAGGTGCAGCAGCAGGAGGTGGAGGTGCAGCAGCAGGCTGAGGAGGAGAGGAGGACAGCAGCAGGAGGTG,Positive
Person41,CAGCAGCAGGAGGTGGCTGAGGAGGAGAGGAGGACAGCAGCAGGAGGTGCAGCAGCAGGAGGTGCAGCAGCAGGAGGTGGCTGAGGAGGAGAGGAGGACAGCAGCAGGAGGTGGCTGAGGAGGAGAGGAGGAGAGGTGGAGGTGGAGGTGCAGCAGCAGCAGCAGCAGGAGGTG,Negative
Person42,GAGGTGGAGGTGCAGCAGCAGCAGCAGCAGGAGGTGGCTGAGGAGGAGAGGAGGAGAGGTGCAGCAGCAGGAGGTGGAGGTGGAGGTGGAGGTGGAGGTGGCTGAGGAGGAGAGGAGGAGAGGTGGCTGAGGAGGAGAGGAGGACAGCAGCAGCAGCAGCAGGCTGAGGAGGAGAGGAGGAGAGGTGGCTGAGGAGGAGAGGAGGA,Negative
Person43,GCTGAGGAGGAGAGGAGGAGCTGAGGAGGAGAGGAGGAGCTGAGGAGGAGAGGAGGAGAGGTGGAGGTGGCTGAGGAGGAGAGGAGGAGAGGTGGAGGTGCAGCAGCAGGAGGTGCAGCAGCAGGAGGTGCAGCAGCAGGAGGTGCAGCAGCAGGAGGTGGAGGTGGAGGTGGCTGAGGAGGAGAGGAGGAGCTGAGGAGGAGAGGAGGA,Positive
Person44,GCTGAGGAGGAGAGGAGGAGCTGAGGAGGAGAGGAGGAGAGGTGCAGCAGCAGGCTGAGGAGGAGAGGAGGAGCTGAGGAGGAGAGGAGGAGAGGTGCAGCAGCAGCAGCAGCAGCAGCAGCAGGCTGAGGAGGAGAGGAGGACAGCAGCAGGCTGAGGAGGAGAGGAGGAGCTGAGGAGGAGAGGAGGAGAGGTGGAGGTGCAGCAGCAGCAGCAGCAGCAGCAGCAGGCTGAGGAGGAGAGGAGGA,Positive
Person45,GCTGAGGAGGAGAGGAGGACAGCAGCAGGAGGTGGCTGAGGAGGAGAGGAGGAGCTGAGGAGGAGAGGAGGAGCTGAGGAGGAGAGGAGGAGAGGTGGCTGAGGAGGAGAGGAGGAGAGGTGGAGGTGGCTGAGGAGGAGAGGAGGAGAGGTGCAGCAGCAGGCTGAGGAGGAGAGGAGGACAGCAGCAGGAGGTGGAGGTGGCTGAGGAGGAGAGGAGGAGCTGAGGAGGAGAGGAGGA,Positive
Person46,GCTGAGGAGGAGAGGAGGAGCTGAGGAGGAGAGGAGGACAGCAGCAGGAGGTGGCTGAGGAGGAGAGGAGGAGAGGTGGAGGTGCAGCAGCAGGCTGAGGAGGAGAGGAGGAGCTGAGGAGGAGAGGAGGACAGCAGCAGGAGGTGGCTGAGGAGGAGAGGAGGAGAGGTGGCTGAGGAGGAGAGGAGGACAGCAGCAG,Positive
Person47,GAGGTGGAGGTGGCTGAGGAGGAGAGGAGGAGCTGAGGAGGAGAGGAGGAGCTGAGGAGGAGAGGAGGACAGCAGCAGCAGCAGCAGGAGGTGGAGGTGCAGCAGCAGGCTGAGGAGGAGAGGAGGACAGCAGCAGGCTGAGGAGGAGAGGAGGAGAGGTGGAGGTGGAGGTGCAGCAGCAGCAGCAGCAGGAGGTGGCTGAGGAGGAGAGGAGGA,Positive
Person48,GCTGAGGAGGAGAGGAGGACAGCAGCAGGAGGTGGAGGTGGCTGAGGAGGAGAGGAGGAGAGGTGCAGCAGCAGCAGCAGCAGGAGGTGGAGGTGCAGCAGCAGGAGGTGCAGCAGCAGCAGCAGCAGGCTGAGGAGGAGAGGAGGACAGCAGCAG,Negative
Person49,GAGGTGCAGCAGCAGCAGCAGCAGGCTGAGGAGGAGAGGAGGAGCTGAGGAGGAGAGGAGGACAGCAGCAGCAGCAGCAGCAGCAGCAGGAGGTGCAGCAGCAGCAGCAGCAGGCTGAGGAGGAGAGGAGGACAGCAGCAGGAGGTGGAGGTGGCTGAGGAGGAGAGGAGGACAGCAGCAGGAGGTG,Positive
Person50,CAGCAGCAGGCTGAGGAGGAGAGGAGGACAGCAGCAGGAGGTGGCTGAGGAGGAGAGGAGGAGAGGTGGAGGTGCAGCAGCAGGAGGTGGAGGTGGCTGAGGAGGAGAGGAGGAGCTGAGGAGGAGAGGAGGAGAGGTGGCTGAGGAGGAGAGGAGGACAGCAGCAGGCTGAGGAGGAGAGGAGGAGAGGTGGCTGAGGAGGAGAGGAGGAGAGGTGGAGGTGGAGGTGGCTGAGGAGGAGAGGAGGAGAGGTGGAGGTGGAGGTG,Positive
